"name","region","date","value"
"vaccine_administration_total_doses","QC","2020-12-14",311
"vaccine_administration_total_doses","QC","2020-12-15",1499
"vaccine_administration_total_doses","QC","2020-12-16",2470
"vaccine_administration_total_doses","QC","2020-12-17",3384
"vaccine_administration_total_doses","QC","2020-12-18",4126
"vaccine_administration_total_doses","QC","2020-12-19",4844
"vaccine_administration_total_doses","QC","2020-12-20",4958
"vaccine_administration_total_doses","QC","2020-12-21",5478
"vaccine_administration_total_doses","QC","2020-12-22",7508
"vaccine_administration_total_doses","QC","2020-12-23",11273
"vaccine_administration_total_doses","QC","2020-12-24",14297
"vaccine_administration_total_doses","QC","2020-12-25",14297
"vaccine_administration_total_doses","QC","2020-12-26",17424
"vaccine_administration_total_doses","QC","2020-12-27",19705
"vaccine_administration_total_doses","QC","2020-12-28",22236
"vaccine_administration_total_doses","QC","2020-12-29",24593
"vaccine_administration_total_doses","QC","2020-12-30",27654
"vaccine_administration_total_doses","QC","2020-12-31",27996
"vaccine_administration_total_doses","QC","2021-01-01",28000
"vaccine_administration_total_doses","QC","2021-01-02",28630
"vaccine_administration_total_doses","QC","2021-01-03",30168
"vaccine_administration_total_doses","QC","2021-01-04",32960
"vaccine_administration_total_doses","QC","2021-01-05",38944
"vaccine_administration_total_doses","QC","2021-01-06",49715
"vaccine_administration_total_doses","QC","2021-01-07",63464
"vaccine_administration_total_doses","QC","2021-01-08",76873
"vaccine_administration_total_doses","QC","2021-01-09",85638
"vaccine_administration_total_doses","QC","2021-01-10",92712
"vaccine_administration_total_doses","QC","2021-01-11",100080
"vaccine_administration_total_doses","QC","2021-01-12",108038
"vaccine_administration_total_doses","QC","2021-01-13",117185
"vaccine_administration_total_doses","QC","2021-01-14",129029
"vaccine_administration_total_doses","QC","2021-01-15",140220
"vaccine_administration_total_doses","QC","2021-01-16",148657
"vaccine_administration_total_doses","QC","2021-01-17",155788
"vaccine_administration_total_doses","QC","2021-01-18",166431
"vaccine_administration_total_doses","QC","2021-01-19",176774
"vaccine_administration_total_doses","QC","2021-01-20",188240
"vaccine_administration_total_doses","QC","2021-01-21",202006
"vaccine_administration_total_doses","QC","2021-01-22",213913
"vaccine_administration_total_doses","QC","2021-01-23",222409
"vaccine_administration_total_doses","QC","2021-01-24",224493
"vaccine_administration_total_doses","QC","2021-01-25",228980
"vaccine_administration_total_doses","QC","2021-01-26",233093
"vaccine_administration_total_doses","QC","2021-01-27",236877
"vaccine_administration_total_doses","QC","2021-01-28",240239
"vaccine_administration_total_doses","QC","2021-01-29",242518
"vaccine_administration_total_doses","QC","2021-01-30",243102
"vaccine_administration_total_doses","QC","2021-01-31",243884
"vaccine_administration_total_doses","QC","2021-02-01",244299
"vaccine_administration_total_doses","QC","2021-02-02",245010
"vaccine_administration_total_doses","QC","2021-02-03",247991
"vaccine_administration_total_doses","QC","2021-02-04",253128
"vaccine_administration_total_doses","QC","2021-02-05",258200
"vaccine_administration_total_doses","QC","2021-02-06",261452
"vaccine_administration_total_doses","QC","2021-02-07",263771
"vaccine_administration_total_doses","QC","2021-02-08",267269
"vaccine_administration_total_doses","QC","2021-02-09",270912
"vaccine_administration_total_doses","QC","2021-02-10",276799
"vaccine_administration_total_doses","QC","2021-02-11",286670
"vaccine_administration_total_doses","QC","2021-02-12",296953
"vaccine_administration_total_doses","QC","2021-02-13",298611
"vaccine_administration_total_doses","QC","2021-02-14",299553
"vaccine_administration_total_doses","QC","2021-02-15",302596
"vaccine_administration_total_doses","QC","2021-02-16",304603
"vaccine_administration_total_doses","QC","2021-02-17",307267
"vaccine_administration_total_doses","QC","2021-02-18",319196
"vaccine_administration_total_doses","QC","2021-02-19",337610
"vaccine_administration_total_doses","QC","2021-02-20",352494
"vaccine_administration_total_doses","QC","2021-02-21",361721
"vaccine_administration_total_doses","QC","2021-02-22",373749
"vaccine_administration_total_doses","QC","2021-02-23",384553
"vaccine_administration_total_doses","QC","2021-02-24",394503
"vaccine_administration_total_doses","QC","2021-02-25",408780
"vaccine_administration_total_doses","QC","2021-02-26",426206
"vaccine_administration_total_doses","QC","2021-02-27",439277
"vaccine_administration_total_doses","QC","2021-02-28",446013
"vaccine_administration_total_doses","QC","2021-03-01",464618
"vaccine_administration_total_doses","QC","2021-03-02",482494
"vaccine_administration_total_doses","QC","2021-03-03",501013
"vaccine_administration_total_doses","QC","2021-03-04",520510
"vaccine_administration_total_doses","QC","2021-03-05",540891
"vaccine_administration_total_doses","QC","2021-03-06",556671
"vaccine_administration_total_doses","QC","2021-03-07",572284
"vaccine_administration_total_doses","QC","2021-03-08",589273
"vaccine_administration_total_doses","QC","2021-03-09",608151
"vaccine_administration_total_doses","QC","2021-03-10",627986
"vaccine_administration_total_doses","QC","2021-03-11",658297
"vaccine_administration_total_doses","QC","2021-03-12",692865
"vaccine_administration_total_doses","QC","2021-03-13",727152
"vaccine_administration_total_doses","QC","2021-03-14",755760
"vaccine_administration_total_doses","QC","2021-03-15",786428
"vaccine_administration_total_doses","QC","2021-03-16",816831
"vaccine_administration_total_doses","QC","2021-03-17",844773
"vaccine_administration_total_doses","QC","2021-03-18",885471
"vaccine_administration_total_doses","QC","2021-03-19",928072
"vaccine_administration_total_doses","QC","2021-03-20",957083
"vaccine_administration_total_doses","QC","2021-03-21",978552
"vaccine_administration_total_doses","QC","2021-03-22",1005543
"vaccine_administration_total_doses","QC","2021-03-23",1038965
"vaccine_administration_total_doses","QC","2021-03-24",1080374
"vaccine_administration_total_doses","QC","2021-03-25",1136466
"vaccine_administration_total_doses","QC","2021-03-26",1191339
"vaccine_administration_total_doses","QC","2021-03-27",1237683
"vaccine_administration_total_doses","QC","2021-03-28",1276916
"vaccine_administration_total_doses","QC","2021-03-29",1321045
"vaccine_administration_total_doses","QC","2021-03-30",1364417
"vaccine_administration_total_doses","QC","2021-03-31",1406586
"vaccine_administration_total_doses","QC","2021-04-01",1456130
"vaccine_administration_total_doses","QC","2021-04-02",1503741
"vaccine_administration_total_doses","QC","2021-04-03",1545237
"vaccine_administration_total_doses","QC","2021-04-04",1567957
"vaccine_administration_total_doses","QC","2021-04-05",1608317
"vaccine_administration_total_doses","QC","2021-04-06",1652569
"vaccine_administration_total_doses","QC","2021-04-07",1701008
"vaccine_administration_total_doses","QC","2021-04-08",1772211
"vaccine_administration_total_doses","QC","2021-04-09",1847974
"vaccine_administration_total_doses","QC","2021-04-10",1909923
"vaccine_administration_total_doses","QC","2021-04-11",1965940
"vaccine_administration_total_doses","QC","2021-04-12",2025973
"vaccine_administration_total_doses","QC","2021-04-13",2096644
"vaccine_administration_total_doses","QC","2021-04-14",2167747
"vaccine_administration_total_doses","QC","2021-04-15",2245670
"vaccine_administration_total_doses","QC","2021-04-16",2319651
"vaccine_administration_total_doses","QC","2021-04-17",2380403
"vaccine_administration_total_doses","QC","2021-04-18",2421590
"vaccine_administration_total_doses","QC","2021-04-19",2470612
"vaccine_administration_total_doses","QC","2021-04-20",2526940
"vaccine_administration_total_doses","QC","2021-04-21",2615252
"vaccine_administration_total_doses","QC","2021-04-22",2705386
"vaccine_administration_total_doses","QC","2021-04-23",2790781
"vaccine_administration_total_doses","QC","2021-04-24",2855601
"vaccine_administration_total_doses","QC","2021-04-25",2897916
"vaccine_administration_total_doses","QC","2021-04-26",2944813
"vaccine_administration_total_doses","QC","2021-04-27",2996769
"vaccine_administration_total_doses","QC","2021-04-28",3067974
"vaccine_administration_total_doses","QC","2021-04-29",3132757
"vaccine_administration_total_doses","QC","2021-04-30",3197361
"vaccine_administration_total_doses","QC","2021-05-01",3248032
"vaccine_administration_total_doses","QC","2021-05-02",3286733
"vaccine_administration_total_doses","QC","2021-05-03",3339199
"vaccine_administration_total_doses","QC","2021-05-04",3396831
"vaccine_administration_total_doses","QC","2021-05-05",3477984
"vaccine_administration_total_doses","QC","2021-05-06",3583590
"vaccine_administration_total_doses","QC","2021-05-07",3674934
"vaccine_administration_total_doses","QC","2021-05-08",3751577
"vaccine_administration_total_doses","QC","2021-05-09",3814777
"vaccine_administration_total_doses","QC","2021-05-10",3877603
"vaccine_administration_total_doses","QC","2021-05-11",3953544
"vaccine_administration_total_doses","QC","2021-05-12",4050491
"vaccine_administration_total_doses","QC","2021-05-13",4165117
"vaccine_administration_total_doses","QC","2021-05-14",4267781
"vaccine_administration_total_doses","QC","2021-05-15",4360143
"vaccine_administration_total_doses","QC","2021-05-16",4434329
"vaccine_administration_total_doses","QC","2021-05-17",4507204
"vaccine_administration_total_doses","QC","2021-05-18",4581063
"vaccine_administration_total_doses","QC","2021-05-19",4673744
"vaccine_administration_total_doses","QC","2021-05-20",4784233
"vaccine_administration_total_doses","QC","2021-05-21",4881566
"vaccine_administration_total_doses","QC","2021-05-22",4967318
"vaccine_administration_total_doses","QC","2021-05-23",5036345
"vaccine_administration_total_doses","QC","2021-05-24",5089227
"vaccine_administration_total_doses","QC","2021-05-25",5150193
"vaccine_administration_total_doses","QC","2021-05-26",5239598
"vaccine_administration_total_doses","QC","2021-05-27",5344247
"vaccine_administration_total_doses","QC","2021-05-28",5442949
"vaccine_administration_total_doses","QC","2021-05-29",5541904
"vaccine_administration_total_doses","QC","2021-05-30",5621421
"vaccine_administration_total_doses","QC","2021-05-31",5695045
"vaccine_administration_total_doses","QC","2021-06-01",5765128
"vaccine_administration_total_doses","QC","2021-06-02",5854064
"vaccine_administration_total_doses","QC","2021-06-03",5952306
"vaccine_administration_total_doses","QC","2021-06-04",6048557
"vaccine_administration_total_doses","QC","2021-06-05",6133801
"vaccine_administration_total_doses","QC","2021-06-06",6201777
"vaccine_administration_total_doses","QC","2021-06-07",6269956
"vaccine_administration_total_doses","QC","2021-06-08",6347589
"vaccine_administration_total_doses","QC","2021-06-09",6438328
"vaccine_administration_total_doses","QC","2021-06-10",6542759
"vaccine_administration_total_doses","QC","2021-06-11",6653626
"vaccine_administration_total_doses","QC","2021-06-12",6753566
"vaccine_administration_total_doses","QC","2021-06-13",6832389
"vaccine_administration_total_doses","QC","2021-06-14",6925110
"vaccine_administration_total_doses","QC","2021-06-15",7013833
"vaccine_administration_total_doses","QC","2021-06-16",7113125
"vaccine_administration_total_doses","QC","2021-06-17",7217124
"vaccine_administration_total_doses","QC","2021-06-18",7309958
"vaccine_administration_total_doses","QC","2021-06-19",7382531
"vaccine_administration_total_doses","QC","2021-06-20",7440315
"vaccine_administration_total_doses","QC","2021-06-21",7526243
"vaccine_administration_total_doses","QC","2021-06-22",7625898
"vaccine_administration_total_doses","QC","2021-06-23",7746895
"vaccine_administration_total_doses","QC","2021-06-24",7815692
"vaccine_administration_total_doses","QC","2021-06-25",7933853
"vaccine_administration_total_doses","QC","2021-06-26",8032064
"vaccine_administration_total_doses","QC","2021-06-27",8109813
"vaccine_administration_total_doses","QC","2021-06-28",8217484
"vaccine_administration_total_doses","QC","2021-06-29",8324704
"vaccine_administration_total_doses","QC","2021-06-30",8451118
"vaccine_administration_total_doses","QC","2021-07-01",8543695
"vaccine_administration_total_doses","QC","2021-07-02",8651013
"vaccine_administration_total_doses","QC","2021-07-03",8734422
"vaccine_administration_total_doses","QC","2021-07-04",8806999
"vaccine_administration_total_doses","QC","2021-07-05",8904962
"vaccine_administration_total_doses","QC","2021-07-06",9011558
"vaccine_administration_total_doses","QC","2021-07-07",9126171
"vaccine_administration_total_doses","QC","2021-07-08",9247679
"vaccine_administration_total_doses","QC","2021-07-09",9362141
"vaccine_administration_total_doses","QC","2021-07-10",9446588
"vaccine_administration_total_doses","QC","2021-07-11",9513194
"vaccine_administration_total_doses","QC","2021-07-12",9600605
"vaccine_administration_total_doses","QC","2021-07-13",9692838
"vaccine_administration_total_doses","QC","2021-07-14",9795460
"vaccine_administration_total_doses","QC","2021-07-15",9896400
"vaccine_administration_total_doses","QC","2021-07-16",9999088
"vaccine_administration_total_doses","QC","2021-07-17",10072711
"vaccine_administration_total_doses","QC","2021-07-18",10126571
"vaccine_administration_total_doses","QC","2021-07-19",10209257
"vaccine_administration_total_doses","QC","2021-07-20",10309607
"vaccine_administration_total_doses","QC","2021-07-21",10413662
"vaccine_administration_total_doses","QC","2021-07-22",10509238
"vaccine_administration_total_doses","QC","2021-07-23",10605282
"vaccine_administration_total_doses","QC","2021-07-24",10676870
"vaccine_administration_total_doses","QC","2021-07-25",10731379
"vaccine_administration_total_doses","QC","2021-07-26",10806132
"vaccine_administration_total_doses","QC","2021-07-27",10878251
"vaccine_administration_total_doses","QC","2021-07-28",10948868
"vaccine_administration_total_doses","QC","2021-07-29",11016452
"vaccine_administration_total_doses","QC","2021-07-30",11094448
"vaccine_administration_total_doses","QC","2021-07-31",11152946
"vaccine_administration_total_doses","QC","2021-08-01",11191597
"vaccine_administration_total_doses","QC","2021-08-02",11241415
"vaccine_administration_total_doses","QC","2021-08-03",11289289
"vaccine_administration_total_doses","QC","2021-08-04",11335659
"vaccine_administration_total_doses","QC","2021-08-05",11388085
"vaccine_administration_total_doses","QC","2021-08-06",11447330
"vaccine_administration_total_doses","QC","2021-08-07",11494589
"vaccine_administration_total_doses","QC","2021-08-08",11523771
"vaccine_administration_total_doses","QC","2021-08-09",11564994
"vaccine_administration_total_doses","QC","2021-08-10",11601636
"vaccine_administration_total_doses","QC","2021-08-11",11644619
"vaccine_administration_total_doses","QC","2021-08-12",11693132
"vaccine_administration_total_doses","QC","2021-08-13",11752969
"vaccine_administration_total_doses","QC","2021-08-14",11804594
"vaccine_administration_total_doses","QC","2021-08-15",11841076
"vaccine_administration_total_doses","QC","2021-08-16",11884046
"vaccine_administration_total_doses","QC","2021-08-17",11926243
"vaccine_administration_total_doses","QC","2021-08-18",11969480
"vaccine_administration_total_doses","QC","2021-08-19",12010285
"vaccine_administration_total_doses","QC","2021-08-20",12057583
"vaccine_administration_total_doses","QC","2021-08-21",12096389
"vaccine_administration_total_doses","QC","2021-08-22",12123324
"vaccine_administration_total_doses","QC","2021-08-23",12155243
"vaccine_administration_total_doses","QC","2021-08-24",12182483
"vaccine_administration_total_doses","QC","2021-08-25",12214729
"vaccine_administration_total_doses","QC","2021-08-26",12249385
"vaccine_administration_total_doses","QC","2021-08-27",12285991
"vaccine_administration_total_doses","QC","2021-08-28",12317369
"vaccine_administration_total_doses","QC","2021-08-29",12337205
"vaccine_administration_total_doses","QC","2021-08-30",12360109
"vaccine_administration_total_doses","QC","2021-08-31",12385727
"vaccine_administration_total_doses","QC","2021-09-01",12407608
"vaccine_administration_total_doses","QC","2021-09-02",12435757
"vaccine_administration_total_doses","QC","2021-09-03",12464035
"vaccine_administration_total_doses","QC","2021-09-04",12487711
"vaccine_administration_total_doses","QC","2021-09-05",12500695
"vaccine_administration_total_doses","QC","2021-09-06",12510926
"vaccine_administration_total_doses","QC","2021-09-07",12530632
"vaccine_administration_total_doses","QC","2021-09-08",12555384
"vaccine_administration_total_doses","QC","2021-09-09",12581469
"vaccine_administration_total_doses","QC","2021-09-10",12607291
"vaccine_administration_total_doses","QC","2021-09-11",12629988
"vaccine_administration_total_doses","QC","2021-09-12",12643186
"vaccine_administration_total_doses","QC","2021-09-13",12657644
"vaccine_administration_total_doses","QC","2021-09-14",12672887
"vaccine_administration_total_doses","QC","2021-09-15",12692357
"vaccine_administration_total_doses","QC","2021-09-16",12714645
"vaccine_administration_total_doses","QC","2021-09-17",12736565
"vaccine_administration_total_doses","QC","2021-09-18",12755295
"vaccine_administration_total_doses","QC","2021-09-19",12763846
"vaccine_administration_total_doses","QC","2021-09-20",12773741
"vaccine_administration_total_doses","QC","2021-09-21",12784920
"vaccine_administration_total_doses","QC","2021-09-22",12800895
"vaccine_administration_total_doses","QC","2021-09-23",12819345
"vaccine_administration_total_doses","QC","2021-09-24",12837598
"vaccine_administration_total_doses","QC","2021-09-25",12853662
"vaccine_administration_total_doses","QC","2021-09-26",12861139
"vaccine_administration_total_doses","QC","2021-09-27",12868119
"vaccine_administration_total_doses","QC","2021-09-28",12878594
"vaccine_administration_total_doses","QC","2021-09-29",12893003
"vaccine_administration_total_doses","QC","2021-09-30",12910580
"vaccine_administration_total_doses","QC","2021-10-01",12926114
"vaccine_administration_total_doses","QC","2021-10-02",12939875
"vaccine_administration_total_doses","QC","2021-10-03",12946010
"vaccine_administration_total_doses","QC","2021-10-04",12952701
"vaccine_administration_total_doses","QC","2021-10-05",12961867
"vaccine_administration_total_doses","QC","2021-10-06",12974983
"vaccine_administration_total_doses","QC","2021-10-07",12991501
"vaccine_administration_total_doses","QC","2021-10-08",13006946
"vaccine_administration_total_doses","QC","2021-10-09",13019987
"vaccine_administration_total_doses","QC","2021-10-10",13025836
"vaccine_administration_total_doses","QC","2021-10-11",13030463
"vaccine_administration_total_doses","QC","2021-10-12",13040043
"vaccine_administration_total_doses","QC","2021-10-13",13052191
"vaccine_administration_total_doses","QC","2021-10-14",13065454
"vaccine_administration_total_doses","QC","2021-10-15",13079652
"vaccine_administration_total_doses","QC","2021-10-16",13092140
"vaccine_administration_total_doses","QC","2021-10-17",13097314
"vaccine_administration_total_doses","QC","2021-10-18",13103995
"vaccine_administration_total_doses","QC","2021-10-19",13113797
"vaccine_administration_total_doses","QC","2021-10-20",13127296
"vaccine_administration_total_doses","QC","2021-10-21",13142361
"vaccine_administration_total_doses","QC","2021-10-22",13155952
"vaccine_administration_total_doses","QC","2021-10-23",13166152
"vaccine_administration_total_doses","QC","2021-10-24",13170432
"vaccine_administration_total_doses","QC","2021-10-25",13179685
"vaccine_administration_total_doses","QC","2021-10-26",13190894
"vaccine_administration_total_doses","QC","2021-10-27",13205120
"vaccine_administration_total_doses","QC","2021-10-28",13218714
"vaccine_administration_total_doses","QC","2021-10-29",13232092
"vaccine_administration_total_doses","QC","2021-10-30",13241039
"vaccine_administration_total_doses","QC","2021-10-31",13244319
"vaccine_administration_total_doses","QC","2021-11-01",13255302
"vaccine_administration_total_doses","QC","2021-11-02",13267372
"vaccine_administration_total_doses","QC","2021-11-03",13281478
"vaccine_administration_total_doses","QC","2021-11-04",13297348
"vaccine_administration_total_doses","QC","2021-11-05",13312129
"vaccine_administration_total_doses","QC","2021-11-06",13320171
"vaccine_administration_total_doses","QC","2021-11-07",13324540
"vaccine_administration_total_doses","QC","2021-11-08",13334866
"vaccine_administration_total_doses","QC","2021-11-09",13346185
"vaccine_administration_total_doses","QC","2021-11-10",13360507
"vaccine_administration_total_doses","QC","2021-11-11",13375428
"vaccine_administration_total_doses","QC","2021-11-12",13389057
"vaccine_administration_total_doses","QC","2021-11-13",13397252
"vaccine_administration_total_doses","QC","2021-11-14",13402022
"vaccine_administration_total_doses","QC","2021-11-15",13411938
"vaccine_administration_total_doses","QC","2021-11-16",13421159
"vaccine_administration_total_doses","QC","2021-11-17",13432666
"vaccine_administration_total_doses","QC","2021-11-18",13444734
"vaccine_administration_total_doses","QC","2021-11-19",13454929
"vaccine_administration_total_doses","QC","2021-11-20",13462052
"vaccine_administration_total_doses","QC","2021-11-21",13465675
"vaccine_administration_total_doses","QC","2021-11-22",13471604
"vaccine_administration_total_doses","QC","2021-11-23",13478457
"vaccine_administration_total_doses","QC","2021-11-24",13495040
"vaccine_administration_total_doses","QC","2021-11-25",13514960
"vaccine_administration_total_doses","QC","2021-11-26",13539354
"vaccine_administration_total_doses","QC","2021-11-27",13565701
"vaccine_administration_total_doses","QC","2021-11-28",13588154
"vaccine_administration_total_doses","QC","2021-11-29",13609287
"vaccine_administration_total_doses","QC","2021-11-30",13633419
"vaccine_administration_total_doses","QC","2021-12-01",13661683
"vaccine_administration_total_doses","QC","2021-12-02",13691196
"vaccine_administration_total_doses","QC","2021-12-03",13723379
"vaccine_administration_total_doses","QC","2021-12-04",13752404
"vaccine_administration_total_doses","QC","2021-12-05",13772771
"vaccine_administration_total_doses","QC","2021-12-06",13794770
"vaccine_administration_total_doses","QC","2021-12-07",13824418
"vaccine_administration_total_doses","QC","2021-12-08",13859924
"vaccine_administration_total_doses","QC","2021-12-09",13896869
"vaccine_administration_total_doses","QC","2021-12-10",13939410
"vaccine_administration_total_doses","QC","2021-12-11",13970466
"vaccine_administration_total_doses","QC","2021-12-12",13995362
"vaccine_administration_total_doses","QC","2021-12-13",14031814
"vaccine_administration_total_doses","QC","2021-12-14",14081140
"vaccine_administration_total_doses","QC","2021-12-15",14136182
"vaccine_administration_total_doses","QC","2021-12-16",14195253
"vaccine_administration_total_doses","QC","2021-12-17",14263656
"vaccine_administration_total_doses","QC","2021-12-18",14314637
"vaccine_administration_total_doses","QC","2021-12-19",14362864
"vaccine_administration_total_doses","QC","2021-12-20",14442506
"vaccine_administration_total_doses","QC","2021-12-21",14534053
"vaccine_administration_total_doses","QC","2021-12-22",14632227
"vaccine_administration_total_doses","QC","2021-12-23",14716112
"vaccine_administration_total_doses","QC","2021-12-24",14740120
"vaccine_administration_total_doses","QC","2021-12-25",14740209
"vaccine_administration_total_doses","QC","2021-12-26",14757233
"vaccine_administration_total_doses","QC","2021-12-27",14821676
"vaccine_administration_total_doses","QC","2021-12-28",14909942
"vaccine_administration_total_doses","QC","2021-12-29",15004325
"vaccine_administration_total_doses","QC","2021-12-30",15090420
"vaccine_administration_total_doses","QC","2021-12-31",15121088
"vaccine_administration_total_doses","QC","2022-01-01",15121311
"vaccine_administration_total_doses","QC","2022-01-02",15137663
"vaccine_administration_total_doses","QC","2022-01-03",15208816
"vaccine_administration_total_doses","QC","2022-01-04",15305599
"vaccine_administration_total_doses","QC","2022-01-05",15405705
"vaccine_administration_total_doses","QC","2022-01-06",15510216
"vaccine_administration_total_doses","QC","2022-01-07",15616042
"vaccine_administration_total_doses","QC","2022-01-08",15693242
"vaccine_administration_total_doses","QC","2022-01-09",15760466
"vaccine_administration_total_doses","QC","2022-01-10",15863381
"vaccine_administration_total_doses","QC","2022-01-11",15976845
"vaccine_administration_total_doses","QC","2022-01-12",16096435
"vaccine_administration_total_doses","QC","2022-01-13",16214498
"vaccine_administration_total_doses","QC","2022-01-14",16332777
"vaccine_administration_total_doses","QC","2022-01-15",16420654
"vaccine_administration_total_doses","QC","2022-01-16",16500864
"vaccine_administration_total_doses","QC","2022-01-17",16591953
"vaccine_administration_total_doses","QC","2022-01-18",16706982
"vaccine_administration_total_doses","QC","2022-01-19",16815778
"vaccine_administration_total_doses","QC","2022-01-20",16927272
"vaccine_administration_total_doses","QC","2022-01-21",17033027
"vaccine_administration_total_doses","QC","2022-01-22",17111835
"vaccine_administration_total_doses","QC","2022-01-23",17175703
"vaccine_administration_total_doses","QC","2022-01-24",17260008
"vaccine_administration_total_doses","QC","2022-01-25",17342430
"vaccine_administration_total_doses","QC","2022-01-26",17423138
"vaccine_administration_total_doses","QC","2022-01-27",17500855
"vaccine_administration_total_doses","QC","2022-01-28",17582426
"vaccine_administration_total_doses","QC","2022-01-29",17641465
"vaccine_administration_total_doses","QC","2022-01-30",17683921
"vaccine_administration_total_doses","QC","2022-01-31",17736955
"vaccine_administration_total_doses","QC","2022-02-01",17786892
"vaccine_administration_total_doses","QC","2022-02-02",17835920
"vaccine_administration_total_doses","QC","2022-02-03",17881076
"vaccine_administration_total_doses","QC","2022-02-04",17928494
"vaccine_administration_total_doses","QC","2022-02-05",17966364
"vaccine_administration_total_doses","QC","2022-02-06",17988271
"vaccine_administration_total_doses","QC","2022-02-07",18021397
"vaccine_administration_total_doses","QC","2022-02-08",18056931
"vaccine_administration_total_doses","QC","2022-02-09",18089323
"vaccine_administration_total_doses","QC","2022-02-10",18120623
"vaccine_administration_total_doses","QC","2022-02-11",18155236
"vaccine_administration_total_doses","QC","2022-02-12",18180731
"vaccine_administration_total_doses","QC","2022-02-13",18192999
"vaccine_administration_total_doses","QC","2022-02-14",18212880
"vaccine_administration_total_doses","QC","2022-02-15",18233891
"vaccine_administration_total_doses","QC","2022-02-16",18255966
"vaccine_administration_total_doses","QC","2022-02-17",18273673
"vaccine_administration_total_doses","QC","2022-02-18",18291401
"vaccine_administration_total_doses","QC","2022-02-19",18310583
"vaccine_administration_total_doses","QC","2022-02-20",18322129
"vaccine_administration_total_doses","QC","2022-02-21",18337417
"vaccine_administration_total_doses","QC","2022-02-22",18350419
"vaccine_administration_total_doses","QC","2022-02-23",18363138
"vaccine_administration_total_doses","QC","2022-02-24",18378391
"vaccine_administration_total_doses","QC","2022-02-25",18394045
"vaccine_administration_total_doses","QC","2022-02-26",18409891
"vaccine_administration_total_doses","QC","2022-02-27",18418299
"vaccine_administration_total_doses","QC","2022-02-28",18429430
"vaccine_administration_total_doses","QC","2022-03-01",18436572
"vaccine_administration_total_doses","QC","2022-03-02",18443956
"vaccine_administration_total_doses","QC","2022-03-03",18452634
"vaccine_administration_total_doses","QC","2022-03-04",18461603
"vaccine_administration_total_doses","QC","2022-03-05",18471981
"vaccine_administration_total_doses","QC","2022-03-06",18476893
"vaccine_administration_total_doses","QC","2022-03-07",18481622
"vaccine_administration_total_doses","QC","2022-03-08",18486644
"vaccine_administration_total_doses","QC","2022-03-09",18493376
"vaccine_administration_total_doses","QC","2022-03-10",18501519
"vaccine_administration_total_doses","QC","2022-03-11",18510334
"vaccine_administration_total_doses","QC","2022-03-12",18520441
"vaccine_administration_total_doses","QC","2022-03-13",18524684
"vaccine_administration_total_doses","QC","2022-03-14",18528449
"vaccine_administration_total_doses","QC","2022-03-15",18533010
"vaccine_administration_total_doses","QC","2022-03-16",18539050
"vaccine_administration_total_doses","QC","2022-03-17",18545785
"vaccine_administration_total_doses","QC","2022-03-18",18552878
"vaccine_administration_total_doses","QC","2022-03-19",18563539
"vaccine_administration_total_doses","QC","2022-03-20",18567428
"vaccine_administration_total_doses","QC","2022-03-21",18571313
"vaccine_administration_total_doses","QC","2022-03-22",18574934
"vaccine_administration_total_doses","QC","2022-03-23",18580681
"vaccine_administration_total_doses","QC","2022-03-24",18588935
"vaccine_administration_total_doses","QC","2022-03-25",18597917
"vaccine_administration_total_doses","QC","2022-03-26",18610558
"vaccine_administration_total_doses","QC","2022-03-27",18615478
"vaccine_administration_total_doses","QC","2022-03-28",18619887
"vaccine_administration_total_doses","QC","2022-03-29",18629334
"vaccine_administration_total_doses","QC","2022-03-30",18646862
"vaccine_administration_total_doses","QC","2022-03-31",18668671
"vaccine_administration_total_doses","QC","2022-04-01",18687165
"vaccine_administration_total_doses","QC","2022-04-02",18707581
"vaccine_administration_total_doses","QC","2022-04-03",18716278
"vaccine_administration_total_doses","QC","2022-04-04",18729915
"vaccine_administration_total_doses","QC","2022-04-05",18750230
"vaccine_administration_total_doses","QC","2022-04-06",18783231
"vaccine_administration_total_doses","QC","2022-04-07",18819553
"vaccine_administration_total_doses","QC","2022-04-08",18853025
"vaccine_administration_total_doses","QC","2022-04-09",18884777
"vaccine_administration_total_doses","QC","2022-04-10",18898488
"vaccine_administration_total_doses","QC","2022-04-11",18925171
"vaccine_administration_total_doses","QC","2022-04-12",18965729
"vaccine_administration_total_doses","QC","2022-04-13",19013137
"vaccine_administration_total_doses","QC","2022-04-14",19060674
"vaccine_administration_total_doses","QC","2022-04-15",19094599
"vaccine_administration_total_doses","QC","2022-04-16",19122918
"vaccine_administration_total_doses","QC","2022-04-17",19124144
"vaccine_administration_total_doses","QC","2022-04-18",19138304
"vaccine_administration_total_doses","QC","2022-04-19",19172930
"vaccine_administration_total_doses","QC","2022-04-20",19217910
"vaccine_administration_total_doses","QC","2022-04-21",19260443
"vaccine_administration_total_doses","QC","2022-04-22",19299363
"vaccine_administration_total_doses","QC","2022-04-23",19328715
"vaccine_administration_total_doses","QC","2022-04-24",19342049
"vaccine_administration_total_doses","QC","2022-04-25",19365467
"vaccine_administration_total_doses","QC","2022-04-26",19396486
"vaccine_administration_total_doses","QC","2022-04-27",19430304
"vaccine_administration_total_doses","QC","2022-04-28",19464405
"vaccine_administration_total_doses","QC","2022-04-29",19495395
"vaccine_administration_total_doses","QC","2022-04-30",19518496
"vaccine_administration_total_doses","QC","2022-05-01",19526474
"vaccine_administration_total_doses","QC","2022-05-02",19540413
"vaccine_administration_total_doses","QC","2022-05-03",19559753
"vaccine_administration_total_doses","QC","2022-05-04",19582043
"vaccine_administration_total_doses","QC","2022-05-05",19609496
"vaccine_administration_total_doses","QC","2022-05-06",19634616
"vaccine_administration_total_doses","QC","2022-05-07",19655638
"vaccine_administration_total_doses","QC","2022-05-08",19663368
"vaccine_administration_total_doses","QC","2022-05-09",19675946
"vaccine_administration_total_doses","QC","2022-05-10",19695662
"vaccine_administration_total_doses","QC","2022-05-11",19714973
"vaccine_administration_total_doses","QC","2022-05-12",19736412
"vaccine_administration_total_doses","QC","2022-05-13",19753275
"vaccine_administration_total_doses","QC","2022-05-14",19768832
"vaccine_administration_total_doses","QC","2022-05-15",19773954
"vaccine_administration_total_doses","QC","2022-05-16",19783484
"vaccine_administration_total_doses","QC","2022-05-17",19796464
"vaccine_administration_total_doses","QC","2022-05-18",19811216
"vaccine_administration_total_doses","QC","2022-05-19",19824157
"vaccine_administration_total_doses","QC","2022-05-20",19835875
"vaccine_administration_total_doses","QC","2022-05-21",19846452
"vaccine_administration_total_doses","QC","2022-05-22",19849732
"vaccine_administration_total_doses","QC","2022-05-23",19852097
"vaccine_administration_total_doses","QC","2022-05-24",19861768
"vaccine_administration_total_doses","QC","2022-05-25",19871349
"vaccine_administration_total_doses","QC","2022-05-26",19881031
"vaccine_administration_total_doses","QC","2022-05-27",19890552
"vaccine_administration_total_doses","QC","2022-05-28",19899350
"vaccine_administration_total_doses","QC","2022-05-29",19902430
"vaccine_administration_total_doses","QC","2022-05-30",19907717
"vaccine_administration_total_doses","QC","2022-05-31",19914392
"vaccine_administration_total_doses","QC","2022-06-01",19920897
"vaccine_administration_total_doses","QC","2022-06-02",19926329
"vaccine_administration_total_doses","QC","2022-06-03",19932244
"vaccine_administration_total_doses","QC","2022-06-04",19938342
"vaccine_administration_total_doses","QC","2022-06-05",19940447
"vaccine_administration_total_doses","QC","2022-06-06",19944628
"vaccine_administration_total_doses","QC","2022-06-07",19950038
"vaccine_administration_total_doses","QC","2022-06-08",19955050
"vaccine_administration_total_doses","QC","2022-06-09",19960834
"vaccine_administration_total_doses","QC","2022-06-10",19967193
"vaccine_administration_total_doses","QC","2022-06-11",19972563
"vaccine_administration_total_doses","QC","2022-06-12",19974693
"vaccine_administration_total_doses","QC","2022-06-13",19978670
"vaccine_administration_total_doses","QC","2022-06-14",19983555
"vaccine_administration_total_doses","QC","2022-06-15",19988798
"vaccine_administration_total_doses","QC","2022-06-16",19994160
"vaccine_administration_total_doses","QC","2022-06-17",19999882
"vaccine_administration_total_doses","QC","2022-06-18",20005292
"vaccine_administration_total_doses","QC","2022-06-19",20007226
"vaccine_administration_total_doses","QC","2022-06-20",20010828
"vaccine_administration_total_doses","QC","2022-06-21",20015603
"vaccine_administration_total_doses","QC","2022-06-22",20020273
"vaccine_administration_total_doses","QC","2022-06-23",20025406
"vaccine_administration_total_doses","QC","2022-06-24",20025837
"vaccine_administration_total_doses","QC","2022-06-25",20029655
"vaccine_administration_total_doses","QC","2022-06-26",20031119
"vaccine_administration_total_doses","QC","2022-06-27",20034360
"vaccine_administration_total_doses","QC","2022-06-28",20039002
"vaccine_administration_total_doses","QC","2022-06-29",20045876
"vaccine_administration_total_doses","QC","2022-06-30",20054399
"vaccine_administration_total_doses","QC","2022-07-01",20055175
"vaccine_administration_total_doses","QC","2022-07-02",20062228
"vaccine_administration_total_doses","QC","2022-07-03",20064510
"vaccine_administration_total_doses","QC","2022-07-04",20069407
"vaccine_administration_total_doses","QC","2022-07-05",20076692
"vaccine_administration_total_doses","QC","2022-07-06",20084758
"vaccine_administration_total_doses","QC","2022-07-07",20095899
"vaccine_administration_total_doses","QC","2022-07-08",20109097
"vaccine_administration_total_doses","QC","2022-07-09",20121750
"vaccine_administration_total_doses","QC","2022-07-10",20125755
"vaccine_administration_total_doses","QC","2022-07-11",20133303
"vaccine_administration_total_doses","QC","2022-07-12",20143598
"vaccine_administration_total_doses","QC","2022-07-13",20157060
"vaccine_administration_total_doses","QC","2022-07-14",20169886
"vaccine_administration_total_doses","QC","2022-07-15",20183494
"vaccine_administration_total_doses","QC","2022-07-16",20196709
"vaccine_administration_total_doses","QC","2022-07-17",20200408
"vaccine_administration_total_doses","QC","2022-07-18",20207652
"vaccine_administration_total_doses","QC","2022-07-19",20220378
"vaccine_administration_total_doses","QC","2022-07-20",20233179
"vaccine_administration_total_doses","QC","2022-07-21",20249248
"vaccine_administration_total_doses","QC","2022-07-22",20262762
"vaccine_administration_total_doses","QC","2022-07-23",20273796
"vaccine_administration_total_doses","QC","2022-07-24",20278175
"vaccine_administration_total_doses","QC","2022-07-25",20285166
"vaccine_administration_total_doses","QC","2022-07-26",20294800
"vaccine_administration_total_doses","QC","2022-07-27",20306114
"vaccine_administration_total_doses","QC","2022-07-28",20315501
"vaccine_administration_total_doses","QC","2022-07-29",20327275
"vaccine_administration_total_doses","QC","2022-07-30",20338923
"vaccine_administration_total_doses","QC","2022-07-31",20342065
"vaccine_administration_total_doses","QC","2022-08-01",20346693
"vaccine_administration_total_doses","QC","2022-08-02",20355191
"vaccine_administration_total_doses","QC","2022-08-03",20365057
"vaccine_administration_total_doses","QC","2022-08-04",20375255
"vaccine_administration_total_doses","QC","2022-08-05",20384492
"vaccine_administration_total_doses","QC","2022-08-06",20393232
"vaccine_administration_total_doses","QC","2022-08-07",20396025
"vaccine_administration_total_doses","QC","2022-08-08",20401562
"vaccine_administration_total_doses","QC","2022-08-09",20410297
"vaccine_administration_total_doses","QC","2022-08-10",20420462
"vaccine_administration_total_doses","QC","2022-08-11",20431168
"vaccine_administration_total_doses","QC","2022-08-12",20441209
"vaccine_administration_total_doses","QC","2022-08-13",20451840
"vaccine_administration_total_doses","QC","2022-08-14",20454992
"vaccine_administration_total_doses","QC","2022-08-15",20467489
"vaccine_administration_total_doses","QC","2022-08-16",20485921
"vaccine_administration_total_doses","QC","2022-08-17",20508933
"vaccine_administration_total_doses","QC","2022-08-18",20532636
"vaccine_administration_total_doses","QC","2022-08-19",20551679
"vaccine_administration_total_doses","QC","2022-08-20",20563465
"vaccine_administration_total_doses","QC","2022-08-21",20568535
"vaccine_administration_total_doses","QC","2022-08-22",20586149
"vaccine_administration_total_doses","QC","2022-08-23",20609732
"vaccine_administration_total_doses","QC","2022-08-24",20635312
"vaccine_administration_total_doses","QC","2022-08-25",20659066
"vaccine_administration_total_doses","QC","2022-08-26",20680970
"vaccine_administration_total_doses","QC","2022-08-27",20693307
"vaccine_administration_total_doses","QC","2022-08-28",20699458
"vaccine_administration_total_doses","QC","2022-08-29",20713697
"vaccine_administration_total_doses","QC","2022-08-30",20736246
"vaccine_administration_total_doses","QC","2022-08-31",20759878
"vaccine_administration_total_doses","QC","2022-09-01",20777781
"vaccine_administration_total_doses","QC","2022-09-02",20792130
"vaccine_administration_total_doses","QC","2022-09-03",20800979
"vaccine_administration_total_doses","QC","2022-09-04",20804339
"vaccine_administration_total_doses","QC","2022-09-05",20807062
"vaccine_administration_total_doses","QC","2022-09-06",20824897
"vaccine_administration_total_doses","QC","2022-09-07",20843697
"vaccine_administration_total_doses","QC","2022-09-08",20861150
"vaccine_administration_total_doses","QC","2022-09-09",20881509
"vaccine_administration_total_doses","QC","2022-09-10",20897527
"vaccine_administration_total_doses","QC","2022-09-11",20904786
"vaccine_administration_total_doses","QC","2022-09-12",20921080
"vaccine_administration_total_doses","QC","2022-09-13",20943599
"vaccine_administration_total_doses","QC","2022-09-14",20968720
"vaccine_administration_total_doses","QC","2022-09-15",20993935
"vaccine_administration_total_doses","QC","2022-09-16",21014877
"vaccine_administration_total_doses","QC","2022-09-17",21032227
"vaccine_administration_total_doses","QC","2022-09-18",21039890
"vaccine_administration_total_doses","QC","2022-09-19",21055004
"vaccine_administration_total_doses","QC","2022-09-20",21077349
"vaccine_administration_total_doses","QC","2022-09-21",21101759
"vaccine_administration_total_doses","QC","2022-09-22",21125956
"vaccine_administration_total_doses","QC","2022-09-23",21149104
"vaccine_administration_total_doses","QC","2022-09-24",21167911
"vaccine_administration_total_doses","QC","2022-09-25",21177091
"vaccine_administration_total_doses","QC","2022-09-26",21192155
"vaccine_administration_total_doses","QC","2022-09-27",21215867
"vaccine_administration_total_doses","QC","2022-09-28",21241407
"vaccine_administration_total_doses","QC","2022-09-29",21266140
"vaccine_administration_total_doses","QC","2022-09-30",21291032
"vaccine_administration_total_doses","QC","2022-10-01",21308261
"vaccine_administration_total_doses","QC","2022-10-02",21315001
"vaccine_administration_total_doses","QC","2022-10-03",21325117
"vaccine_administration_total_doses","QC","2022-10-04",21344738
"vaccine_administration_total_doses","QC","2022-10-05",21368483
"vaccine_administration_total_doses","QC","2022-10-06",21390024
"vaccine_administration_total_doses","QC","2022-10-07",21409122
"vaccine_administration_total_doses","QC","2022-10-08",21426243
"vaccine_administration_total_doses","QC","2022-10-09",21433310
"vaccine_administration_total_doses","QC","2022-10-10",21438772
"vaccine_administration_total_doses","QC","2022-10-11",21460454
"vaccine_administration_total_doses","QC","2022-10-12",21485256
"vaccine_administration_total_doses","QC","2022-10-13",21511755
"vaccine_administration_total_doses","QC","2022-10-14",21534718
"vaccine_administration_total_doses","QC","2022-10-15",21553755
"vaccine_administration_total_doses","QC","2022-10-16",21562071
"vaccine_administration_total_doses","QC","2022-10-17",21578940
"vaccine_administration_total_doses","QC","2022-10-18",21604505
"vaccine_administration_total_doses","QC","2022-10-19",21632904
"vaccine_administration_total_doses","QC","2022-10-20",21659721
"vaccine_administration_total_doses","QC","2022-10-21",21684939
"vaccine_administration_total_doses","QC","2022-10-22",21704638
"vaccine_administration_total_doses","QC","2022-10-23",21715764
"vaccine_administration_total_doses","QC","2022-10-24",21732509
"vaccine_administration_total_doses","QC","2022-10-25",21758052
"vaccine_administration_total_doses","QC","2022-10-26",21784302
"vaccine_administration_total_doses","QC","2022-10-27",21809408
"vaccine_administration_total_doses","QC","2022-10-28",21833101
"vaccine_administration_total_doses","QC","2022-10-29",21850663
"vaccine_administration_total_doses","QC","2022-10-30",21859202
"vaccine_administration_total_doses","QC","2022-10-31",21873117
"vaccine_administration_total_doses","QC","2022-11-01",21896526
"vaccine_administration_total_doses","QC","2022-11-02",21919455
"vaccine_administration_total_doses","QC","2022-11-03",21941674
"vaccine_administration_total_doses","QC","2022-11-04",21962019
"vaccine_administration_total_doses","QC","2022-11-05",21978202
"vaccine_administration_total_doses","QC","2022-11-06",21986173
"vaccine_administration_total_doses","QC","2022-11-07",21998763
"vaccine_administration_total_doses","QC","2022-11-08",22018357
"vaccine_administration_total_doses","QC","2022-11-09",22039870
"vaccine_administration_total_doses","QC","2022-11-10",22060957
"vaccine_administration_total_doses","QC","2022-11-11",22079989
"vaccine_administration_total_doses","QC","2022-11-12",22094898
"vaccine_administration_total_doses","QC","2022-11-13",22101557
"vaccine_administration_total_doses","QC","2022-11-14",22114403
"vaccine_administration_total_doses","QC","2022-11-15",22136890
"vaccine_administration_total_doses","QC","2022-11-16",22159697
"vaccine_administration_total_doses","QC","2022-11-17",22183891
"vaccine_administration_total_doses","QC","2022-11-18",22206359
"vaccine_administration_total_doses","QC","2022-11-19",22225564
"vaccine_administration_total_doses","QC","2022-11-20",22234771
"vaccine_administration_total_doses","QC","2022-11-21",22250747
"vaccine_administration_total_doses","QC","2022-11-22",22272864
"vaccine_administration_total_doses","QC","2022-11-23",22296203
"vaccine_administration_total_doses","QC","2022-11-24",22319480
"vaccine_administration_total_doses","QC","2022-11-25",22341352
"vaccine_administration_total_doses","QC","2022-11-26",22358421
"vaccine_administration_total_doses","QC","2022-11-27",22366515
"vaccine_administration_total_doses","QC","2022-11-28",22379908
"vaccine_administration_total_doses","QC","2022-11-29",22399597
"vaccine_administration_total_doses","QC","2022-11-30",22422600
"vaccine_administration_total_doses","QC","2022-12-01",22440480
"vaccine_administration_total_doses","QC","2022-12-02",22459249
"vaccine_administration_total_doses","QC","2022-12-03",22474492
"vaccine_administration_total_doses","QC","2022-12-04",22482078
"vaccine_administration_total_doses","QC","2022-12-05",22493042
"vaccine_administration_total_doses","QC","2022-12-06",22509013
"vaccine_administration_total_doses","QC","2022-12-07",22527325
"vaccine_administration_total_doses","QC","2022-12-08",22547338
"vaccine_administration_total_doses","QC","2022-12-09",22563548
"vaccine_administration_total_doses","QC","2022-12-10",22579553
"vaccine_administration_total_doses","QC","2022-12-11",22586126
"vaccine_administration_total_doses","QC","2022-12-12",22597503
"vaccine_administration_total_doses","QC","2022-12-13",22613382
"vaccine_administration_total_doses","QC","2022-12-14",22631270
"vaccine_administration_total_doses","QC","2022-12-15",22651255
"vaccine_administration_total_doses","QC","2022-12-16",22666113
"vaccine_administration_total_doses","QC","2022-12-17",22679509
"vaccine_administration_total_doses","QC","2022-12-18",22685748
"vaccine_administration_total_doses","QC","2022-12-19",22695824
"vaccine_administration_total_doses","QC","2022-12-20",22709265
"vaccine_administration_total_doses","QC","2022-12-21",22721251
"vaccine_administration_total_doses","QC","2022-12-22",22732468
"vaccine_administration_total_doses","QC","2022-12-23",22735820
"vaccine_administration_total_doses","QC","2022-12-24",22735946
"vaccine_administration_total_doses","QC","2022-12-25",22735953
"vaccine_administration_total_doses","QC","2022-12-26",22736367
"vaccine_administration_total_doses","QC","2022-12-27",22740721
"vaccine_administration_total_doses","QC","2022-12-28",22747190
"vaccine_administration_total_doses","QC","2022-12-29",22753990
"vaccine_administration_total_doses","QC","2022-12-30",22757537
"vaccine_administration_total_doses","QC","2022-12-31",22757681
"vaccine_administration_total_doses","QC","2023-01-01",22757695
"vaccine_administration_total_doses","QC","2023-01-02",22758303
"vaccine_administration_total_doses","QC","2023-01-03",22763575
"vaccine_administration_total_doses","QC","2023-01-04",22771182
"vaccine_administration_total_doses","QC","2023-01-05",22779793
"vaccine_administration_total_doses","QC","2023-01-06",22787593
"vaccine_administration_total_doses","QC","2023-01-07",22793047
"vaccine_administration_total_doses","QC","2023-01-08",22793977
"vaccine_administration_total_doses","QC","2023-01-09",22797183
"vaccine_administration_total_doses","QC","2023-01-10",22803590
"vaccine_administration_total_doses","QC","2023-01-11",22809745
"vaccine_administration_total_doses","QC","2023-01-12",22817395
"vaccine_administration_total_doses","QC","2023-01-13",22822164
"vaccine_administration_total_doses","QC","2023-01-14",22828591
"vaccine_administration_total_doses","QC","2023-01-15",22830707
"vaccine_administration_total_doses","QC","2023-01-16",22833720
"vaccine_administration_total_doses","QC","2023-01-17",22838535
"vaccine_administration_total_doses","QC","2023-01-18",22843384
"vaccine_administration_total_doses","QC","2023-01-19",22849286
"vaccine_administration_total_doses","QC","2023-01-20",22853072
"vaccine_administration_total_doses","QC","2023-01-21",22857120
"vaccine_administration_total_doses","QC","2023-01-22",22858430
"vaccine_administration_total_doses","QC","2023-01-23",22860571
"vaccine_administration_total_doses","QC","2023-01-24",22863580
"vaccine_administration_total_doses","QC","2023-01-25",22866773
"vaccine_administration_total_doses","QC","2023-01-26",22869512
"vaccine_administration_total_doses","QC","2023-01-27",22872830
"vaccine_administration_total_doses","QC","2023-01-28",22875899
"vaccine_administration_total_doses","QC","2023-01-29",22876540
"vaccine_administration_total_doses","QC","2023-01-30",22877900
"vaccine_administration_total_doses","QC","2023-01-31",22880346
"vaccine_administration_total_doses","QC","2023-02-01",22882542
"vaccine_administration_total_doses","QC","2023-02-02",22885075
"vaccine_administration_total_doses","QC","2023-02-03",22886543
"vaccine_administration_total_doses","QC","2023-02-04",22888067
"vaccine_administration_total_doses","QC","2023-02-05",22888615
"vaccine_administration_total_doses","QC","2023-02-06",22889680
"vaccine_administration_total_doses","QC","2023-02-07",22891479
"vaccine_administration_total_doses","QC","2023-02-08",22893554
"vaccine_administration_total_doses","QC","2023-02-09",22895568
"vaccine_administration_total_doses","QC","2023-02-10",22897141
"vaccine_administration_total_doses","QC","2023-02-11",22899032
"vaccine_administration_total_doses","QC","2023-02-12",22899411
"vaccine_administration_total_doses","QC","2023-02-13",22900216
"vaccine_administration_total_doses","QC","2023-02-14",22901396
"vaccine_administration_total_doses","QC","2023-02-15",22903241
"vaccine_administration_total_doses","QC","2023-02-16",22905212
"vaccine_administration_total_doses","QC","2023-02-17",22906228
"vaccine_administration_total_doses","QC","2023-02-18",22907354
"vaccine_administration_total_doses","QC","2023-02-19",22907709
"vaccine_administration_total_doses","QC","2023-02-20",22908976
"vaccine_administration_total_doses","QC","2023-02-21",22910923
"vaccine_administration_total_doses","QC","2023-02-22",22913066
"vaccine_administration_total_doses","QC","2023-02-23",22915029
"vaccine_administration_total_doses","QC","2023-02-24",22916970
"vaccine_administration_total_doses","QC","2023-02-25",22918366
"vaccine_administration_total_doses","QC","2023-02-26",22918664
"vaccine_administration_total_doses","QC","2023-02-27",22920444
"vaccine_administration_total_doses","QC","2023-02-28",22923048
"vaccine_administration_total_doses","QC","2023-03-01",22925361
"vaccine_administration_total_doses","QC","2023-03-02",22927988
"vaccine_administration_total_doses","QC","2023-03-03",22930104
"vaccine_administration_total_doses","QC","2023-03-04",22931179
"vaccine_administration_total_doses","QC","2023-03-05",22931475
"vaccine_administration_total_doses","QC","2023-03-06",22933084
"vaccine_administration_total_doses","QC","2023-03-07",22935631
"vaccine_administration_total_doses","QC","2023-03-08",22938821
"vaccine_administration_total_doses","QC","2023-03-09",22942101
"vaccine_administration_total_doses","QC","2023-03-10",22944350
"vaccine_administration_total_doses","QC","2023-03-11",22946325
"vaccine_administration_total_doses","QC","2023-03-12",22946690
"vaccine_administration_total_doses","QC","2023-03-13",22948540
"vaccine_administration_total_doses","QC","2023-03-14",22951810
"vaccine_administration_total_doses","QC","2023-03-15",22955315
"vaccine_administration_total_doses","QC","2023-03-16",22958955
"vaccine_administration_total_doses","QC","2023-03-17",22961391
"vaccine_administration_total_doses","QC","2023-03-18",22963252
"vaccine_administration_total_doses","QC","2023-03-19",22963780
"vaccine_administration_total_doses","QC","2023-03-20",22965875
"vaccine_administration_total_doses","QC","2023-03-21",22968902
"vaccine_administration_total_doses","QC","2023-03-22",22972066
"vaccine_administration_total_doses","QC","2023-03-23",22975680
"vaccine_administration_total_doses","QC","2023-03-24",22978062
"vaccine_administration_total_doses","QC","2023-03-25",22980422
"vaccine_administration_total_doses","QC","2023-03-26",22980646
"vaccine_administration_total_doses","QC","2023-03-27",22982493
"vaccine_administration_total_doses","QC","2023-03-28",22985358
"vaccine_administration_total_doses","QC","2023-03-29",22988772
"vaccine_administration_total_doses","QC","2023-03-30",22992545
"vaccine_administration_total_doses","QC","2023-03-31",22995065
"vaccine_administration_total_doses","QC","2023-04-01",22996230
"vaccine_administration_total_doses","QC","2023-04-02",22996820
"vaccine_administration_total_doses","QC","2023-04-03",22998354
"vaccine_administration_total_doses","QC","2023-04-04",23001052
"vaccine_administration_total_doses","QC","2023-04-05",23002932
"vaccine_administration_total_doses","QC","2023-04-06",23005082
"vaccine_administration_total_doses","QC","2023-04-07",23005686
"vaccine_administration_total_doses","QC","2023-04-08",23006581
"vaccine_administration_total_doses","QC","2023-04-09",23006620
"vaccine_administration_total_doses","QC","2023-04-10",23006781
"vaccine_administration_total_doses","QC","2023-04-11",23009103
"vaccine_administration_total_doses","QC","2023-04-12",23011890
"vaccine_administration_total_doses","QC","2023-04-13",23014081
"vaccine_administration_total_doses","QC","2023-04-14",23016033
"vaccine_administration_total_doses","QC","2023-04-15",23018060
"vaccine_administration_total_doses","QC","2023-04-16",23018591
"vaccine_administration_total_doses","QC","2023-04-17",23020183
"vaccine_administration_total_doses","QC","2023-04-18",23022107
"vaccine_administration_total_doses","QC","2023-04-19",23024486
"vaccine_administration_total_doses","QC","2023-04-20",23027272
"vaccine_administration_total_doses","QC","2023-04-21",23029028
"vaccine_administration_total_doses","QC","2023-04-22",23030517
"vaccine_administration_total_doses","QC","2023-04-23",23030827
"vaccine_administration_total_doses","QC","2023-04-24",23031844
"vaccine_administration_total_doses","QC","2023-04-25",23034161
"vaccine_administration_total_doses","QC","2023-04-26",23036406
"vaccine_administration_total_doses","QC","2023-04-27",23038620
"vaccine_administration_total_doses","QC","2023-04-28",23040448
"vaccine_administration_total_doses","QC","2023-04-29",23042291
"vaccine_administration_total_doses","QC","2023-04-30",23042609
"vaccine_administration_total_doses","QC","2023-05-01",23043525
"vaccine_administration_total_doses","QC","2023-05-02",23045351
"vaccine_administration_total_doses","QC","2023-05-03",23047155
"vaccine_administration_total_doses","QC","2023-05-04",23049393
"vaccine_administration_total_doses","QC","2023-05-05",23050633
"vaccine_administration_total_doses","QC","2023-05-06",23051758
"vaccine_administration_total_doses","QC","2023-05-07",23051907
"vaccine_administration_total_doses","QC","2023-05-08",23052614
"vaccine_administration_total_doses","QC","2023-05-09",23053950
"vaccine_administration_total_doses","QC","2023-05-10",23055372
"vaccine_administration_total_doses","QC","2023-05-11",23057077
"vaccine_administration_total_doses","QC","2023-05-12",23058234
"vaccine_administration_total_doses","QC","2023-05-13",23059483
"vaccine_administration_total_doses","QC","2023-05-14",23059767
"vaccine_administration_total_doses","QC","2023-05-15",23060569
"vaccine_administration_total_doses","QC","2023-05-16",23062081
"vaccine_administration_total_doses","QC","2023-05-17",23063544
"vaccine_administration_total_doses","QC","2023-05-18",23065257
"vaccine_administration_total_doses","QC","2023-05-19",23066401
"vaccine_administration_total_doses","QC","2023-05-20",23067263
"vaccine_administration_total_doses","QC","2023-05-21",23067369
"vaccine_administration_total_doses","QC","2023-05-22",23067454
"vaccine_administration_total_doses","QC","2023-05-23",23068628
"vaccine_administration_total_doses","QC","2023-05-24",23069881
"vaccine_administration_total_doses","QC","2023-05-25",23071142
"vaccine_administration_total_doses","QC","2023-05-26",23072355
"vaccine_administration_total_doses","QC","2023-05-27",23073353
"vaccine_administration_total_doses","QC","2023-05-28",23073609
"vaccine_administration_total_doses","QC","2023-05-29",23074334
"vaccine_administration_total_doses","QC","2023-05-30",23075704
"vaccine_administration_total_doses","QC","2023-05-31",23077009
"vaccine_administration_total_doses","QC","2023-06-01",23078040
"vaccine_administration_total_doses","QC","2023-06-02",23078778
"vaccine_administration_total_doses","QC","2023-06-03",23079334
"vaccine_administration_total_doses","QC","2023-06-04",23079417
"vaccine_administration_total_doses","QC","2023-06-05",23079980
"vaccine_administration_total_doses","QC","2023-06-06",23080803
"vaccine_administration_total_doses","QC","2023-06-07",23081755
"vaccine_administration_total_doses","QC","2023-06-08",23082756
"vaccine_administration_total_doses","QC","2023-06-09",23083697
"vaccine_administration_total_doses","QC","2023-06-10",23084502
"vaccine_administration_total_doses","QC","2023-06-11",23084720
"vaccine_administration_total_doses","QC","2023-06-12",23085332
"vaccine_administration_total_doses","QC","2023-06-13",23086311
"vaccine_administration_total_doses","QC","2023-06-14",23087258
"vaccine_administration_total_doses","QC","2023-06-15",23088448
"vaccine_administration_total_doses","QC","2023-06-16",23089268
"vaccine_administration_total_doses","QC","2023-06-17",23089895
"vaccine_administration_total_doses","QC","2023-06-18",23090010
"vaccine_administration_total_doses","QC","2023-06-19",23090566
"vaccine_administration_total_doses","QC","2023-06-20",23091482
"vaccine_administration_total_doses","QC","2023-06-21",23092498
"vaccine_administration_total_doses","QC","2023-06-22",23093526
"vaccine_administration_total_doses","QC","2023-06-23",23093826
"vaccine_administration_total_doses","QC","2023-06-24",23093830
"vaccine_administration_total_doses","QC","2023-06-25",23093914
"vaccine_administration_total_doses","QC","2023-06-26",23094503
"vaccine_administration_total_doses","QC","2023-06-27",23095203
"vaccine_administration_total_doses","QC","2023-06-28",23096082
"vaccine_administration_total_doses","QC","2023-06-29",23096965
"vaccine_administration_total_doses","QC","2023-06-30",23097278
"vaccine_administration_total_doses","QC","2023-07-01",23097291
"vaccine_administration_total_doses","QC","2023-07-02",23097345
"vaccine_administration_total_doses","QC","2023-07-03",23097653
"vaccine_administration_total_doses","QC","2023-07-04",23098236
"vaccine_administration_total_doses","QC","2023-07-05",23098957
"vaccine_administration_total_doses","QC","2023-07-06",23099578
"vaccine_administration_total_doses","QC","2023-07-07",23100204
"vaccine_administration_total_doses","QC","2023-07-08",23100659
"vaccine_administration_total_doses","QC","2023-07-09",23100786
"vaccine_administration_total_doses","QC","2023-07-10",23101185
"vaccine_administration_total_doses","QC","2023-07-11",23101778
"vaccine_administration_total_doses","QC","2023-07-12",23102431
"vaccine_administration_total_doses","QC","2023-07-13",23103016
"vaccine_administration_total_doses","QC","2023-07-14",23103523
"vaccine_administration_total_doses","QC","2023-07-15",23103807
"vaccine_administration_total_doses","QC","2023-07-16",23103886
"vaccine_administration_total_doses","QC","2023-07-17",23104278
"vaccine_administration_total_doses","QC","2023-07-18",23104809
"vaccine_administration_total_doses","QC","2023-07-19",23105501
"vaccine_administration_total_doses","QC","2023-07-20",23106156
"vaccine_administration_total_doses","QC","2023-07-21",23106571
"vaccine_administration_total_doses","QC","2023-07-22",23106855
"vaccine_administration_total_doses","QC","2023-07-23",23106949
"vaccine_administration_total_doses","QC","2023-07-24",23107319
"vaccine_administration_total_doses","QC","2023-07-25",23107871
"vaccine_administration_total_doses","QC","2023-07-26",23108554
"vaccine_administration_total_doses","QC","2023-07-27",23109061
"vaccine_administration_total_doses","QC","2023-07-28",23109490
"vaccine_administration_total_doses","QC","2023-07-29",23109739
"vaccine_administration_total_doses","QC","2023-07-30",23109799
"vaccine_administration_total_doses","QC","2023-07-31",23110155
"vaccine_administration_total_doses","QC","2023-08-01",23110559
"vaccine_administration_total_doses","QC","2023-08-02",23110922
"vaccine_administration_total_doses","QC","2023-08-03",23111344
"vaccine_administration_total_doses","QC","2023-08-04",23111721
"vaccine_administration_total_doses","QC","2023-08-05",23112056
"vaccine_administration_total_doses","QC","2023-08-06",23112148
"vaccine_administration_total_doses","QC","2023-08-07",23112451
"vaccine_administration_total_doses","QC","2023-08-08",23113017
"vaccine_administration_total_doses","QC","2023-08-09",23113812
"vaccine_administration_total_doses","QC","2023-08-10",23114886
"vaccine_administration_total_doses","QC","2023-08-11",23115673
"vaccine_administration_total_doses","QC","2023-08-12",23116350
"vaccine_administration_total_doses","QC","2023-08-13",23116456
"vaccine_administration_total_doses","QC","2023-08-14",23116930
"vaccine_administration_total_doses","QC","2023-08-15",23117819
"vaccine_administration_total_doses","QC","2023-08-16",23118508
"vaccine_administration_total_doses","QC","2023-08-17",23119267
"vaccine_administration_total_doses","QC","2023-08-18",23119800
"vaccine_administration_total_doses","QC","2023-08-19",23120572
"vaccine_administration_total_doses","QC","2023-08-20",23120740
"vaccine_administration_total_doses","QC","2023-08-21",23121094
"vaccine_administration_total_doses","QC","2023-08-22",23121673
"vaccine_administration_total_doses","QC","2023-08-23",23122466
"vaccine_administration_total_doses","QC","2023-08-24",23123048
"vaccine_administration_total_doses","QC","2023-08-25",23123544
"vaccine_administration_total_doses","QC","2023-08-26",23123918
"vaccine_administration_total_doses","QC","2023-08-27",23124000
"vaccine_administration_total_doses","QC","2023-08-28",23124376
"vaccine_administration_total_doses","QC","2023-08-29",23124919
"vaccine_administration_total_doses","QC","2023-08-30",23125386
"vaccine_administration_total_doses","QC","2023-08-31",23126014
"vaccine_administration_total_doses","QC","2023-09-01",23126302
"vaccine_administration_total_doses","QC","2023-09-02",23126459
"vaccine_administration_total_doses","QC","2023-09-03",23126493
"vaccine_administration_total_doses","QC","2023-09-04",23126501
"vaccine_administration_total_doses","QC","2023-09-05",23126882
"vaccine_administration_total_doses","QC","2023-09-06",23127270
"vaccine_administration_total_doses","QC","2023-09-07",23127633
"vaccine_administration_total_doses","QC","2023-09-08",23127988
"vaccine_administration_total_doses","QC","2023-09-09",23128303
"vaccine_administration_total_doses","QC","2023-09-10",23128390
"vaccine_administration_total_doses","QC","2023-09-11",23128653
"vaccine_administration_total_doses","QC","2023-09-12",23128910
"vaccine_administration_total_doses","QC","2023-09-13",23129160
"vaccine_administration_total_doses","QC","2023-09-14",23129548
"vaccine_administration_total_doses","QC","2023-09-15",23129809
"vaccine_administration_total_doses","QC","2023-09-16",23130104
"vaccine_administration_total_doses","QC","2023-09-17",23130181
"vaccine_administration_total_doses","QC","2023-09-18",23130347
"vaccine_administration_total_doses","QC","2023-09-19",23130622
"vaccine_administration_total_doses","QC","2023-09-20",23130869
"vaccine_administration_total_doses","QC","2023-09-21",23131184
"vaccine_administration_total_doses","QC","2023-09-22",23131434
"vaccine_administration_total_doses","QC","2023-09-23",23131641
"vaccine_administration_total_doses","QC","2023-09-24",23131732
"vaccine_administration_total_doses","QC","2023-09-25",23131902
"vaccine_administration_total_doses","QC","2023-09-26",23132190
"vaccine_administration_total_doses","QC","2023-09-27",23132357
"vaccine_administration_total_doses","QC","2023-09-28",23132646
"vaccine_administration_total_doses","QC","2023-09-29",23132935
"vaccine_administration_total_doses","QC","2023-09-30",23133098
"vaccine_administration_total_doses","QC","2023-10-01",23133180
"vaccine_administration_total_doses","QC","2023-10-02",23133454
"vaccine_administration_total_doses","QC","2023-10-03",23134549
"vaccine_administration_total_doses","QC","2023-10-04",23136964
"vaccine_administration_total_doses","QC","2023-10-05",23140057
"vaccine_administration_total_doses","QC","2023-10-06",23142062
"vaccine_administration_total_doses","QC","2023-10-07",23142562
"vaccine_administration_total_doses","QC","2023-10-08",23142648
"vaccine_administration_total_doses","QC","2023-10-09",23142747
"vaccine_administration_total_doses","QC","2023-10-10",23166198
"vaccine_administration_total_doses","QC","2023-10-11",23196399
"vaccine_administration_total_doses","QC","2023-10-12",23228258
"vaccine_administration_total_doses","QC","2023-10-13",23253026
"vaccine_administration_total_doses","QC","2023-10-14",23267716
"vaccine_administration_total_doses","QC","2023-10-15",23276590
"vaccine_administration_total_doses","QC","2023-10-16",23303161
"vaccine_administration_total_doses","QC","2023-10-17",23335537
"vaccine_administration_total_doses","QC","2023-10-18",23369166
"vaccine_administration_total_doses","QC","2023-10-19",23403687
"vaccine_administration_total_doses","QC","2023-10-20",23432866
"vaccine_administration_total_doses","QC","2023-10-21",23448988
"vaccine_administration_total_doses","QC","2023-10-22",23459093
"vaccine_administration_total_doses","QC","2023-10-23",23489100
"vaccine_administration_total_doses","QC","2023-10-24",23523140
